Location,Latitude,Longitude,state,country,Quality check,revised Lat,revised Long,CoordinateCleaner location,CC location rationale
Freshwater & Terrestrial - no area specified,39.0591238,-94.595049,Missouri,United States,drop,,,,
Freshwater & Terrestrial - all records,39.0591238,-94.595049,Missouri,United States,drop,,,,
Eastern & Central Europe,36.6390832,-95.156675,Oklahoma,United States,error,48.66,19.50,Slovakia,Slovakia is central in Fig. 1 of Dobek-Ostrowska 2015
Labrador,39.0859892,-94.590457,Missouri,United States,error,48.66,-56.22,Newfoundland and Labrador,Includes location
Antilles,30.2876491,-97.766374,Texas,United States,error,18.53,-72.33,Port au Prince,Port au Prince Haiti is central Antilles
Dominican Republic + Haiti,40.6386212,-73.600509,New York,United States,error,18.53,-72.33,Port au Prince,Port au Prince is capital of Haiti
Spanish Sahara,36.144526,-115.18413,Nevada,United States,error,23.81,-12.89,Western Sahara,Synonym
Transvaal,34.8779101,-92.13367,Arkansas,United States,error,-23.59,29.13,Limpopo,Limpopo is part of Transvaal
Cape Province,42.0562358,-70.216744,Massachusetts,United States,error,-33.50,20.97,Western Cape,Western Cape is part of Cape Province
Malagasay,38.913322,-77.052933,District of Columbia,United States,error,-20.00,47.00,Madagascar,Synonym
Oriental,35.0309956,-76.692987,North Carolina,United States,error,,,,
Indian Region,39.1422777,-94.576865,Missouri,United States,error,22.00,79.00,India,India should logically be a central part of the Indian Region
Kampuchea,37.3548576,-121.84772,California,United States,error,13.00,105.00,Cambodia,Synonym
Malaya,33.8103642,-84.416374,Georgia,United States,error,3.17,101.70,Malaysia,Synonym
Java,36.1908101,-95.889575,Oklahoma,United States,error,-7.29,109.90,Jawa Tengah,Jawa is indigenous synonym and this region is central compared to other two options
Victoria,37.7207958,-97.242897,Kansas,United States,error,-37.01,144.75,Victoria,Confirmed as Victoria Australia by helminth publications
Islands of Atlantic Ocean,32.6119844,-80.023596,South Carolina,United States,error,,,,
Islands of Southern Pacific,47.7066782,-122.34494,Washington,United States,error,,,,
Gilbert & Ellice Islands,33.3528264,-111.78903,Arizona,United States,error,-8.52,179.22,Tuvalu,Now Kiribati & Tuvalu of which latter is much bigger
New Hebrides,57.0455355,-6.5127445,Alba / Scotland,United Kingdom,error,-15.38,166.90,Vanuatu,Synonym
Eastern Mediterranean,39.9104587,-74.995346,New Jersey,United States,error,,,,
Brazilian coast,41.617753,-93.735576,Iowa,United States,error,,,,
West African coast,39.035989,-76.907398,Maryland,United States,error,,,,
Eastern Pacific,40.5823555,-74.165175,New York,United States,error,,,,
Central American/Mexian Pacific coast,33.819499,-118.38571,California,United States,error,,,,
South American Pacific coast,33.8323512,-118.38475,California,United States,error,,,,
Peruvian coast,33.1738017,-117.36047,California,United States,error,,,,
Northern Pacific,46.3572568,-94.18828,Minnesota,United States,error,,,,
Alaskan coast,47.5902756,-122.3379,Washington,United States,error,,,,
Southern Pacific,37.7601026,-122.41423,California,United States,error,,,,
Eastern coast of India,33.599226,-117.87232,California,United States,error,,,,
West Australian coast,26.7128289,-80.064628,Florida,United States,error,,,,
Off SW Indian Ocean Isles,-33.137551,81.826172,NA,NA,error,,,,
Atlantic Zone,41.4061975,-95.012743,Iowa,United States,error,,,,
Europe,54.5259614,15.2551187,NA,NA,vague,,,,
Southeast Europe,54.5259614,15.2551187,NA,NA,vague,,,,
European USSR (CIS),54.5259614,15.2551187,NA,NA,vague,,,,
Russia (European),54.5259614,15.2551187,NA,NA,vague,,,,
Lesser Islands,14.4122148,-64.762796,NA,NA,vague,,,,
Islands of the Arctic Ocean,65.2481624,-60.462098,NA,NA,vague,,,,
Islands of Northeast Atlantic,-14.599413,-28.673147,NA,NA,vague,,,,
Islands of Pacific Ocean,-8.783195,-124.50852,NA,NA,vague,,,,
Islands of Northern Pacific,-8.783195,-124.50852,NA,NA,vague,,,,
Islands of the Northern Indian Ocean,-33.137551,81.826172,NA,NA,vague,,,,
Islands of the Southern Indian Ocean,-33.137551,81.826172,NA,NA,vague,,,,
Arctic Ocean,65.2481624,-60.462098,NA,NA,vague,,,,
Polar Sea,65.2481624,-60.462098,NA,NA,vague,,,,
Bering Sea,56.9072801,-178.13947,NA,NA,vague,,,,
Atlantic Ocean,-14.599413,-28.673147,NA,NA,vague,,,,
Gulf of Mexico,25.304304,-90.065918,NA,NA,vague,,,,
Caribbean Sea,14.5401107,-74.967637,NA,NA,vague,,,,
Baltic Sea,58.487952,19.863281,NA,NA,vague,,,,
Norwegian Sea,68.8773537,3.13966,NA,NA,vague,,,,
North Sea,56.511018,3.515625,NA,NA,vague,,,,
Irish Sea,53.8276917,-4.4658366,NA,NA,vague,,,,
Mediterranean,34.5531284,18.0480105,NA,NA,vague,,,,
Western Mediterranean,34.5531284,18.0480105,NA,NA,vague,,,,
Ligurian Sea,43.7542275,8.8362755,NA,NA,vague,,,,
Tyrrhenian Sea,40.0769862,11.3431058,NA,NA,vague,,,,
Adriatic Sea,41.8550904,17.2902839,NA,NA,vague,,,,
Caspian Sea,41.934977,50.668945,NA,NA,vague,,,,
Black Sea,43.413029,34.299316,NA,NA,vague,,,,
Southwest Atlantic,-14.599413,-28.673147,NA,NA,vague,,,,
SE Atlantic Islands,-14.599413,-28.673147,NA,NA,vague,,,,
Sea of Okhotsk,52.873623,149.365817,NA,NA,vague,,,,
Sea of Japan,38.848848,135,NA,NA,vague,,,,
South China Sea,15.488092,114.404754,NA,NA,vague,,,,
East China Sea/ Yellow Sea,35.4942771,123.796461,NA,NA,vague,,,,
Coast of N Pacific Islands,-8.783195,-124.50852,NA,NA,vague,,,,
Southern Pacific Isles,-8.783195,-124.50852,NA,NA,vague,,,,
Indian Ocean,-33.137551,81.826172,NA,NA,vague,,,,
Northern Indian Ocean,-33.137551,81.826172,NA,NA,vague,,,,
Arabian Sea,12.2501506,64.33717,NA,NA,vague,,,,
Persian Gulf,26.7505337,51.6834275,NA,NA,vague,,,,
Bay of Bengal,13.531665,87.5395855,NA,NA,vague,,,,
Southwest Indian Ocean,-33.137551,81.826172,NA,NA,vague,,,,
Indian Ocean Zone,-33.137551,81.826172,NA,NA,vague,,,,
Pacific Ocean Zone,-8.783195,-124.50852,NA,NA,vague,,,,
Northern Europe,62.2786475,12.3401709,NA,Sverige,,,,,
Iceland,64.963051,-19.020835,NA,Ísland,,,,,
Faroes,61.892635,-6.9118061,NA,Føroyar,,,,,
Finland,61.92411,25.7481511,Keski-Suomi,Suomi / Finland,,,,,
Norway,60.472024,8.468946,NA,Norge,,,,,
Sweden,60.128161,18.643501,NA,Sverige,,,,,
Denmark,56.26392,9.501785,Region Midtjylland,Danmark,,,,,
Spitzbergen (Svalbard),78.90136,13.4838877,NA,Norge,,,,,
Western Europe,46.2021848,1.2643875,Nouvelle-Aquitaine,France,,,,,
"England, Wales + Isle of Man",54.236107,-4.548056,NA,Isle of Man,,,,,
Scotland,56.4906712,-4.2026458,Alba / Scotland,United Kingdom,,,,,
Eire + N. Ireland,54.7877149,-6.4923145,Northern Ireland / Tuaisceart Éireann,United Kingdom,,,,,
Channel Islands,49.4466698,-2.342378,NA,Guernsey,,,,,
France,46.227638,2.213749,Nouvelle-Aquitaine,France,,,,,
Belgium + Luxembourg,50.0546886,5.4676983,Luxembourg,België / Belgique / Belgien,,,,,
Germany,51.165691,10.451526,Thüringen,Deutschland,,,,,
East Germany (!! USE Germany),51.165691,10.451526,Thüringen,Deutschland,,,,,
Switzerland + Lichtenstein,47.3682887,8.5374552,Zürich,Schweiz/Suisse/Svizzera/Svizra,,,,,
Austria,47.516231,14.550072,Steiermark,Österreich,,,,,
Italy,41.87194,12.56738,Lazio,Italia,,,,,
Yugoslavia,37.09024,-95.712891,Kansas,United States,,,,,
Albania,41.153332,20.168331,Shqipëria Qendrore,Shqipëria,,,,,
Greece,39.074208,21.824312,Περιφέρεια Στερεάς Ελλάδας,Ελλάς,,,,,
Crete,35.240117,24.8092691,Περιφέρεια Κρήτης,Ελλάς,,,,,
Cyprus,35.126413,33.429859,Κύπρος,Κύπρος - Kıbrıs,,,,,
Southwest Europe,41.2745004,-1.2121322,Aragón,España,,,,,
Spain + Andalusia,37.5442706,-4.7277528,Andalucía,España,,,,,
Balearic Islands,39.3587759,2.7356328,NA,España,,,,,
Corsica,42.0396042,9.0128926,Corse,France,,,,,
Sardinia,40.1208752,9.0128926,Sardigna/Sardegna,Italia,,,,,
Gibraltar,36.140751,-5.353585,NA,Gibraltar,,,,,
Lithuania,55.169438,23.881275,Kauno apskritis,Lietuva,,,,,
Estonia + Latvia,56.959624,24.1016552,NA,Latvija,,,,,
Byelorussia,53.709807,27.953389,Мінская вобласць,Беларусь,,,,,
Finno-Karelian ASSR,63.1558702,32.9905552,Карелия,Россия,,,,,
"Ukraine, incl. Moldavia",48.379433,31.1655799,Кіровоградська область,Україна,,,,,
Georgia (USSR),42.315407,43.356892,იმერეთი,საქართველო,,,,,
Armenia,40.069099,45.038189,Գեղարքունիքի մարզ,Հայաստան,,,,,
Azerbaidzan,40.143105,47.576927,NA,Azərbaycan,,,,,
Kazakstan,48.019573,66.923684,Ұлытау облысы,Қазақстан,,,,,
Turkmenistan,38.969719,59.556278,Ahal welaýaty,Türkmenistan,,,,,
Uzbekistan,41.377491,64.585262,Navoiy Viloyati,Oʻzbekiston,,,,,
Tadzhikistan,38.861034,71.276093,Ноҳияҳои тобеи ҷумҳурӣ,Тоҷикистон,,,,,
Kirgizia,41.20438,74.766098,Нарын облусу,Кыргызстан,,,,,
Lake Baikal,53.5587003,108.164997,Иркутская область,Россия,,,,,
Yakut ASSR,66.7613451,124.123753,Республика Саха (Якутия),Россия,,,,,
Russia (Asian),61.52401,105.318756,Красноярский край,Россия,,,,,
North Africa,23.4162027,25.66283,الوادي الجديد,مصر,,,,,
Morocco,31.791702,-7.09262,Marrakech-Safi ⵎⵕⵕⴰⴽⵛ-ⴰⵙⴼⵉ مراكش-أسفي,Maroc ⵍⵎⵖⵔⵉⴱ المغرب,,,,,
Tunisia,33.886917,9.537499,ولاية قابس,تونس,,,,,
Syria,34.802075,38.996815,محافظة حمص,سوريا,,,,,
Iraq,33.223191,43.679291,محافظة الأنبار,العراق,,,,,
Kuwait,29.31166,47.481766,محافظة الجهراء,الكويت,,,,,
Iran,32.427908,53.688046,استان یزد,ایران,,,,,
Jordan,30.585164,36.238414,معان,الأردن,,,,,
Lebanon,33.854721,35.862285,محافظة البقاع,لبنان,,,,,
Bahrain + Qatar + United Arab Emirates,26.2232983,50.5946944,محافظة العاصمة,البحرين,,,,,
Bahrain,26.0667,50.5577,المحافظة الجنوبية,البحرين,,,,,
Oman,21.4735329,55.975413,محافظة الظاهرة,عمان,,,,,
Southern Yemen + Yemen,15.552727,48.516388,محافظة حضرموت,اليمن,,,,,
Southern Yemen,15.2988186,44.222331,أمانة العاصمة,اليمن,,,,,
Yemen,15.552727,48.516388,محافظة حضرموت,اليمن,,,,,
Mongolia,46.862496,103.846656,Өвөрхангай ᠥᠪᠦᠷ ᠬᠠᠩᠭ᠋ᠠᠢ,Монгол улс ᠮᠤᠩᠭᠤᠯ ᠤᠯᠤᠰ,,,,,
Tibet,30.1533605,88.7878678,西藏自治区 བོད་རང་སྐྱོང་ལྗོངས།,中国,,,,,
Hong Kong,22.396428,114.109497,NA,中国,,,,,
Japan,36.204824,138.252924,NA,日本,,,,,
Taiwan,23.69781,120.960515,NA,臺灣,,,,,
North Korea,40.339852,127.510093,함경남도,조선민주주의인민공화국,,,,,
Nearctic,53.569001,-113.57149,Alberta,Canada,,,,,
Greenland,71.706936,-42.604303,NA,Kalaallit Nunaat,,,,,
Canada,56.130366,-106.34677,Saskatchewan,Canada,,,,,
Yukon + Northwest Territories,60.7179515,-135.0499,Yukon,Canada,,,,,
Yukon,64.2823274,-135,Yukon,Canada,,,,,
Northwest Territories,64.8255441,-124.84573,Northwest Territories,Canada,,,,,
British Columbia,53.7266683,-127.64762,British Columbia,Canada,,,,,
Alberta,53.9332706,-116.5765,Alberta,Canada,,,,,
Saskatchewan,52.9399159,-106.45086,Saskatchewan,Canada,,,,,
Manitoba,53.7608608,-98.813876,Manitoba,Canada,,,,,
Ontario,51.253775,-85.323214,Ontario,Canada,,,,,
Quebec,52.9399159,-73.549136,Québec,Canada,,,,,
Labrador + Newfoundland,53.1355091,-57.660436,Newfoundland and Labrador,Canada,,,,,
Newfoundland,53.1355091,-57.660436,Newfoundland and Labrador,Canada,,,,,
New Brunswick + Nova Scotia,44.7042281,-63.611921,Nova Scotia,Canada,,,,,
New Brunswick,46.5653163,-66.461916,New Brunswick / Nouveau-Brunswick,Canada,,,,,
Nova Scotia,44.6819866,-63.744311,Nova Scotia,Canada,,,,,
Great Lakes,45.0522366,-82.484612,Michigan,United States,,,,,
Lake Ontario,43.6333482,-77.827067,New York,United States,,,,,
Lake Erie,42.0668852,-81.339941,Ohio,United States,,,,,
Lake St. Clair,42.4356504,-82.691543,Ontario,Canada,,,,,
Lake Huron,45.0521793,-82.485094,Michigan,United States,,,,,
Lake Michigan,43.4501005,-87.222019,Wisconsin,United States,,,,,
Lake Superior,47.723087,-86.940716,Michigan,United States,,,,,
United States,37.09024,-95.712891,Kansas,United States,,,,,
Alaska,64.2008413,-149.49367,Alaska,United States,,,,,
East Coast,36.47257,-76.130773,North Carolina,United States,,,,,
Maine,45.253783,-69.445469,Maine,United States,,,,,
New Hampshire/Vermont/Massachusetts/Connecticut/Rhode Is.,43.2509279,-71.927302,New Hampshire,United States,,,,,
District of Columbia/Delaware/New Jersey/Maryland,39.0457549,-76.641271,Maryland,United States,,,,,
Pennsylvania,41.2033216,-77.194525,Pennsylvania,United States,,,,,
West Virginia,38.5976262,-80.454903,West Virginia,United States,,,,,
North Carolina,35.7595731,-79.0193,North Carolina,United States,,,,,
Central,36.19234,-95.94764,Oklahoma,United States,,,,,
Iowa,41.8780025,-93.097702,Iowa,United States,,,,,
Wisconsin,43.7844397,-88.787868,Wisconsin,United States,,,,,
Indiana,40.2671941,-86.134902,Indiana,United States,,,,,
Louisiana,30.9842977,-91.962333,Louisiana,United States,,,,,
Mississippi,32.3546679,-89.398528,Mississippi,United States,,,,,
Arkansas,35.20105,-91.831833,Arkansas,United States,,,,,
Tennessee,35.5174913,-86.580447,Tennessee,United States,,,,,
Florida,27.6648274,-81.515754,Florida,United States,,,,,
Idaho,44.0682019,-114.74204,Idaho,United States,,,,,
Montana,46.8796822,-110.36257,Montana,United States,,,,,
North Dakota,47.5514926,-101.00201,North Dakota,United States,,,,,
South Dakota,43.9695148,-99.901813,South Dakota,United States,,,,,
Nebraska,41.4925374,-99.901813,Nebraska,United States,,,,,
Washington,47.7510741,-120.74014,Washington,United States,,,,,
South West,36.1908813,-95.889745,Oklahoma,United States,,,,,
California,36.778261,-119.41793,California,United States,,,,,
Nevada,38.8026097,-116.41939,Nevada,United States,,,,,
Utah,39.3209801,-111.09373,Utah,United States,,,,,
Arizona,34.0489281,-111.09373,Arizona,United States,,,,,
Colorado,39.5500507,-105.78207,Colorado,United States,,,,,
Kansas,39.011902,-98.484247,Kansas,United States,,,,,
Oklahoma,35.0077519,-97.092877,Oklahoma,United States,,,,,
Mexico,23.634501,-102.55278,Zacatecas,México,,,,,
Neotropical,28.9337826,-95.308453,Texas,United States,,,,,
Bahamas,25.03428,-77.39628,NA,The Bahamas,,,,,
Cuba,21.521757,-77.781167,NA,Cuba,,,,,
Dominican Republic,18.735693,-70.162651,Monte Plata,República Dominicana,,,,,
Haiti,18.971187,-72.285215,Département de l'Artibonite,Ayiti,,,,,
Jamaica,18.109581,-77.297508,NA,Jamaica,,,,,
Cayman Islands,19.3133,-81.2546,NA,Cayman Islands,,,,,
Puerto Rico,18.220833,-66.590149,Puerto Rico,United States,,,,,
Lesser Antilles,14.4122148,-64.762796,NA,NA,,,,,
Netherlands Antilles,12.2018902,-68.262382,NA,Nederland,,,,,
Trinidad & Tobago,10.3757217,-61.233559,Couva-Tabaquite-Talparo,Trinidad and Tobago,,,,,
Central America,12.7690126,-85.602364,Matagalpa,Nicaragua,,,,,
Belize,17.189877,-88.49765,Belize District,Belize,,,,,
Costa Rica,9.748917,-83.753428,NA,Costa Rica,,,,,
El Salvador,13.794185,-88.89653,Cabañas,El Salvador,,,,,
Guatemala,15.783471,-90.230759,Alta Verapaz,Guatemala,,,,,
Nicaragua,12.865416,-85.207229,Matagalpa,Nicaragua,,,,,
Venezuela,6.42375,-66.58973,Bolívar,Venezuela,,,,,
French Guiana,3.933889,-53.125782,Guyane,France,,,,,
Ecuador,-1.831239,-78.183406,Morona Santiago,Ecuador,,,,,
Peru,-9.189967,-75.015152,Huánuco,Perú,,,,,
Paraguay,-23.442503,-58.443832,Presidente Hayes,Paraguay / Paraguái,,,,,
Uruguay,-32.522779,-55.765835,Tacuarembó,Uruguay,,,,,
Argentina,-38.416097,-63.616672,La Pampa,Argentina,,,,,
Chile,-35.675147,-71.542969,Región del Maule,Chile,,,,,
Tierra del Fuego,-54.8054,-68.324206,NA,Argentina,,,,,
Ethiopian Region,9.145,40.489673,ኦሮሚያ ክልል Oromia أوروميا,ኢትዮጵያ,,,,,
Mauritania,21.00789,-10.940835,Adrar أدرار,Mauritanie موريتانيا,,,,,
Senegal + The Gambia + Guinea-Bassau,11.803749,-15.180413,Região de Quinara,Guiné-Bissau,,,,,
Senegal,14.497401,-14.452362,NA,Sénégal,,,,,
The Gambia,13.443182,-15.310139,Lower River,Gambia,,,,,
Guinea-Bissau,11.803749,-15.180413,Região de Quinara,Guiné-Bissau,,,,,
Mali + Burkina Faso,12.6309457,-8.0146451,NA,Mali,,,,,
Mali,17.570692,-3.996166,Taoudénit,Mali,,,,,
Burkina Faso,12.238333,-1.561593,NA,Burkina Faso,,,,,
Niger,17.607789,8.081666,Agadez ⴰⴳⴰⴷⴻⵣ منطقة أغاديس,Niger,,,,,
Guinea + Sierra Leone + Liberia,6.9294578,-11.500655,Pujehun District,Sierra Leone,,,,,
Guinea,9.945587,-9.696645,Kankan,Guinée,,,,,
Sierra Leone,8.460555,-11.779889,Tonkolili District,Sierra Leone,,,,,
Liberia,6.428055,-9.429499,Grand Bassa County,Liberia,,,,,
Ivory Coast,7.539989,-5.54708,Vallée du Bandama,Côte d’Ivoire,,,,,
Benin + Togo + Ghana,9.30769,2.315834,Borgou,Bénin,,,,,
Benin,9.30769,2.315834,Borgou,Bénin,,,,,
Ghana,7.946527,-1.023194,Bono East Region,Ghana,,,,,
Northeast Africa,9.1303782,41.2808577,ኦሮሚያ ክልል Oromia أوروميا,ኢትዮጵያ,,,,,
Libya,26.3351,17.228331,ⵍⵊⴼⵔⴰ شعبية الجفرة District of Al-Jufra,ⵍⵉⴱⵢⴰ ليبيا Libya,,,,,
Egypt,26.820553,30.802498,الوادي الجديد,مصر,,,,,
Chad,15.454166,18.732207,Borkou بوركو,Tchad تشاد,,,,,
Sudan,12.862807,30.217636,شمال كردفان North Kordofan,السودان,,,,,
Ethiopia (incl. Dhibouti),11.59516,43.146473,NA,Djibouti جيبوتي,,,,,
Central African Republic,6.611111,20.939444,Ouaka,Ködörösêse tî Bêafrîka / République centrafricaine,,,,,
Zaire,-6.2649292,14.2343282,Zaire,Angola,,,,,
Gabon + Congo + Equatorial Guinea,-0.803689,11.609444,Ogooué-Lolo,Gabon,,,,,
Gabon,-0.803689,11.609444,Ogooué-Lolo,Gabon,,,,,
Equatorial Guinea,1.650801,10.267895,Centro Sur,Guinea Ecuatorial,,,,,
Uganda + Burundi + Rwanda,1.373333,32.290275,Nakasongola,Uganda,,,,,
Uganda,1.373333,32.290275,Nakasongola,Uganda,,,,,
Burundi,-3.373056,29.918886,Gitega,Burundi,,,,,
Rwanda,-1.940278,29.873888,Southern Province,Rwanda,,,,,
Kenya,-0.023559,37.906193,Meru,Kenya,,,,,
Angola,-11.202692,17.873887,Malanje,Angola,,,,,
Southern Africa,-24.357077,19.5687103,Hardap Region,Namibia,,,,,
Botswana,-22.328474,24.684866,Ghanzi District,Botswana,,,,,
Swaziland,-26.522503,31.465866,Manzini,Eswatini,,,,,
Orange Free State,-28.454111,26.7967849,Free State,South Africa,,,,,
Lesotho,-29.609988,28.233608,Thaba-Tseka District,Lesotho,,,,,
Malawi,-13.254308,34.301525,Nkhotakota,Malawi,,,,,
Mozambique,-18.665695,35.529562,Sofala,Moçambique,,,,,
African freshwater lakes,-8,35,Iringa,Tanzania,,,,,
Lake Albert,1.7717865,30.9876321,Ituri,République démocratique du Congo,,,,,
Lake Chad,13.1078947,14.4490398,Lac البحيرة,Tchad تشاد,,,,,
Lake Edward,-0.3256071,29.6962677,Nord-Kivu,République démocratique du Congo,,,,,
Lake Kariba,-16.955651,27.9717606,Matabeleland North,Zimbabwe,,,,,
Lake Kivu,-2.0448431,29.1855785,Western Province,Rwanda,,,,,
Lake Mweru,-8.9368353,28.7664408,Haut-Katanga,République démocratique du Congo,,,,,
Lake Tanganyika,-6.2555679,29.5107708,Tanganyika,République démocratique du Congo,,,,,
Lake Victoria,-0.7557754,33.438353,Buvuma,Uganda,,,,,
Pakistan,30.375321,69.345116,بلوچستان,پاکستان,,,,,
Nepal,28.394857,84.124008,गण्डकी प्रदेश,नेपाल,,,,,
Sikim + Bhutan,27.332742,88.610864,Sikkim,India,,,,,
Bangladesh,23.684994,90.356331,ঢাকা বিভাগ,বাংলাদেশ,,,,,
Kashmir + Jammu,32.7266016,74.8570259,Jammu and Kashmir,India,,,,,
Sri Lanka,7.873054,80.771797,Central Province,Sri Lanka,,,,,
Southeast Asia,-2.2179704,115.66283,Kalimantan Selatan,Indonesia,,,,,
Burma [Myanmar],21.916221,95.955974,စစ်ကိုင်းတိုင်းဒေသကြီး,မြန်မာ,,,,,
Thailand,15.870032,100.992541,NA,ประเทศไทย,,,,,
Laos,19.85627,102.495496,ຫລວງພະບາງ,ປະເທດລາວ,,,,,
Vietnam,14.058324,108.277199,Tỉnh Gia Lai,Việt Nam,,,,,
Indonesia & Malaysia,-0.789275,113.921327,Kalimantan Tengah,Indonesia,,,,,
Sumatra,-0.589724,101.343106,Riau,Indonesia,,,,,
Sabah,5.9788398,116.07532,Sabah,Malaysia,,,,,
Sarawak & Brunei,1.5532783,110.359213,Sarawak,Malaysia,,,,,
Borneo,0.9618834,114.55485,Kalimantan Timur,Indonesia,,,,,
Sulawesi,-1.8479,120.5279,Sulawesi Tengah,Indonesia,,,,,
Australia,-25.274398,133.775136,NA,Australia,,,,,
Northern Territory,-19.491411,132.55096,NA,Australia,,,,,
South Australia,-30.000232,136.209155,South Australia,Australia,,,,,
New South Wales,-31.253218,146.921099,New South Wales,Australia,,,,,
Papua New Guinea,-6.314993,143.95555,Southern Highlands,Papua Niugini,,,,,
New Ireland,-3.33,152,New Ireland,Papua Niugini,,,,,
New Zealand,-40.900557,174.885971,Wellington,New Zealand / Aotearoa,,,,,
North Island,-4.3949648,55.2452567,La Digue Group,Sesel,,,,,
South Island,-45.152671,169.892633,Otago,New Zealand / Aotearoa,,,,,
Canary Islands,28.2915637,-16.62913,Canarias,España,,,,,
Madeira,32.7607074,-16.959472,NA,Portugal,,,,,
Islands of Northwest Atlantic,49.2853237,-123.12323,British Columbia,Canada,,,,,
Bermuda,32.3078,-64.7505,Devonshire,Bermuda,,,,,
Falkland Islands,-51.796253,-59.523613,NA,Falkland Islands,,,,,
South Georgia,-54.413833,-36.582717,South Georgia,South Georgia and the South Sandwich Islands,,,,,
St. Helena,-15.96501,-5.7089241,Saint Helena,"Saint Helena, Ascension and Tristan da Cunha",,,,,
South Sandwich Islands,-54.429579,-36.587909,Tierra del Fuego,Falkland Islands,,,,,
Islands of Western Pacific,-8.783195,-124.50852,NA,NA,,,,,
Solomon Islands,-9.64571,160.156194,Guadalcanal,Solomon Islands,,,,,
Easter Island,-27.112723,-109.34969,Región de Valparaíso,Chile,,,,,
Galapagos Islands,-0.383106,-90.423334,Galápagos,Ecuador,,,,,
Hawaiian Islands,19.8967662,-155.58278,Hawaii,United States,,,,,
Marshall Islands,7.131474,171.184478,Ratak,Ṃajeḷ,,,,,
Fijian Islands,-17.713371,178.065032,Central,Viti,,,,,
Cook Islands,-21.236736,-159.77767,Rarotonga,Kūki ʻĀirani,,,,,
Samoa Islands,-12.798491,-170.47731,NA,NA,,,,,
New Caledonia,-20.904305,165.618042,NA,France,,,,,
Marquesas,-9.7812162,-139.08171,Polynésie Française,France,,,,,
Society Islands (incl. Tahiti),-16.761301,-151.44359,Polynésie Française,France,,,,,
Aldabra,-9.4236984,46.3432781,Zil Elwannyen Sesel,Sesel,,,,,
Andaman Islands,11.7400867,92.6586401,Andaman and Nicobar Islands,India,,,,,
Laccadive Islands,10.566667,72.641667,Lakshadweep,India,,,,,
Nicobar Islands,7.0346281,93.7841503,Andaman and Nicobar Islands,India,,,,,
Reunion Island,-21.115141,55.536384,La Réunion,France,,,,,
Icelandic coast,64.1325436,-21.919285,NA,Ísland,,,,,
Spitzbergen (Svalbard),78.90136,13.4838877,NA,Norge,,,,,
Northern Norwegian coast,60.31816,5.353485,NA,Norge,,,,,
Alaskan/Canadian zone,64.2008413,-149.49367,Alaska,United States,,,,,
NW Atlantic,49.2853237,-123.12323,British Columbia,Canada,,,,,
NE South American coast,-8.783195,-55.491477,Pará,Brasil,,,,,
Coast of USA,62.4113634,-149.07297,Alaska,United States,,,,,
Canadian coast,49.2868614,-123.11627,British Columbia,Canada,,,,,
Northeast Atlantic,39.370134,-77.406772,Maryland,United States,,,,,
West Coast of Norway,60.4121981,5.3222701,NA,Norge,,,,,
Western coast of British Isles,56.4132339,-5.4723629,Alba / Scotland,United Kingdom,,,,,
Western Iberian coast,40.4830106,-4.0875573,Comunidad de Madrid,España,,,,,
NW African coast,-8.783195,34.508523,Mbeya,Tanzania,,,,,
Off Azores/Canary/Cape Verde Isles,28.2915637,-16.62913,Canarias,España,,,,,
Aegean Sea,39.019184,25.268555,NA,Ελλάς,,,,,
European Inland Seas,36.0538134,14.191246,NA,Malta,,,,,
Aral Sea,45.3963063,59.6134113,Қызылорда облысы,Қазақстан,,,,,
Argentine/Uruguayan coast,-38.416097,-63.616672,La Pampa,Argentina,,,,,
Coast of Japan,35.4543846,139.644207,NA,日本,,,,,
Coast of Philippines,11.9574918,121.926966,Aklan,Philippines,,,,,
Pacific coast of Indonesia,-0.789275,113.921327,Kalimantan Tengah,Indonesia,,,,,
Coast of New Guinea,-5.0122202,141.347016,Sandaun,Papua Niugini,,,,,
Australian coast,-26.343859,152.85038,Queensland,Australia,,,,,
Coast of N Territories,-19.491411,132.55096,NA,Australia,,,,,
Coast of Queensland,-28.016667,153.4,Queensland,Australia,,,,,
Coast of NSW,-36.68061,149.656449,New South Wales,Australia,,,,,
Coast of Victoria,48.422256,-123.37972,British Columbia,Canada,,,,,
Coast of Tasmania,-42.371227,145.67966,Tasmania,Australia,,,,,
Colombian Pacific coast,4.570868,-74.297333,Cundinamarca,Colombia,,,,,
Ecuadorian coast,-0.9422027,-80.730363,Manabí,Ecuador,,,,,
Chilean coast,-32.98,-71.01,Región Metropolitana de Santiago,Chile,,,,,
Pacific coast of USA,62.4113634,-149.07297,Alaska,United States,,,,,
Hawaiian coast,19.8967662,-155.58278,Hawaii,United States,,,,,
New Zealand coast,-42.691923,171.339941,West Coast,New Zealand / Aotearoa,,,,,
Western coast of India,20.9212456,72.9091757,Gujarat,India,,,,,
Coast of Arabia,25.277645,55.385667,دبي,الإمارات العربية المتحدة,,,,,
Coast of Pakistan,24.8684886,67.0251991,سندھ,پاکستان,,,,,
Coast of Bangladesh,21.4275547,91.9789563,চট্টগ্রাম বিভাগ,বাংলাদেশ,,,,,
Coast of Burma & Thailand,21.916221,95.955974,စစ်ကိုင်းတိုင်းဒေသကြီး,မြန်မာ,,,,,
Coast of Andaman & Nicobar Isles,11.666105,92.7465696,Andaman and Nicobar Islands,India,,,,,
Coast of East Africa,-4.0546696,39.667695,Mombasa,Kenya,,,,,
South African coast,-33.919349,18.4664102,Western Cape,South Africa,,,,,
Coast of Madagascar,-18.766947,46.869107,Itasy,Madagasikara / Madagascar,,,,,
Coast of Indonesia & Malaysia,-6.1939847,106.821228,NA,Indonesia,,,,,
South Austrlian coast,-36.723562,140.348184,South Australia,Australia,,,,,